2015_66268,AHMET,ASLAN,a.aslan@ce1.marmara.edu.tr,CS101,51,1
2015_70598,AHMET,AYDOGAN,a.aydogan@ce1.marmara.edu.tr,CS101,66,2
2015_14187,AHMET,HIKMET,a.hikmet@ce1.marmara.edu.tr,CS102,64,2
2015_08457,AHMET,ILHAN,a.ilhan@ce1.marmara.edu.tr,CS101,93,2
2015_00009,AHMET,KARA,a.kara@ce1.marmara.edu.tr,CS101,62,1
2015_90125,AHMET,OZDEMIR,a.ozdemir@ce1.marmara.edu.tr,CS102,75,2
2015_23465,AHMET,OZER,a.ozer@ce1.marmara.edu.tr,CS101,87,2
2015_23465,AHMET,OZER,a.ozer@ce1.marmara.edu.tr,CS102,74,1
2015_52243,AHMET,OZKAN,a.ozkan@ce1.marmara.edu.tr,CS101,78,2
2015_28770,AHMET,SULEYMAN,a.suleyman@ce1.marmara.edu.tr,CS101,68,2
2015_21793,AHMET,YILMAZ,a.yilmaz@ce1.marmara.edu.tr,CS102,83,1
2015_14351,ALI,ARSLAN,a.arslan@ce1.marmara.edu.tr,CS101,71,1
2015_37049,ALI,AY,a.ay@ce1.marmara.edu.tr,CS101,53,1
2015_66758,ALI,AY,a.ay@ce1.marmara.edu.tr,CS101,56,2
2015_15637,ALI,AYDIN,a.aydin@ce1.marmara.edu.tr,CS101,75,1
2015_56998,ALI,AYDOGAN,a.aydogan@ce1.marmara.edu.tr,CS101,100,2
2015_04918,ALI,CAN,a.can@ce1.marmara.edu.tr,CS101,70,1
2015_97456,ALI,DOGAN,a.dogan@ce1.marmara.edu.tr,CS101,98,1
2015_88689,ALI,ESEN,a.esen@ce1.marmara.edu.tr,CS101,66,2
2015_08827,ALI,KAYA,a.kaya@ce1.marmara.edu.tr,CS101,75,2
2015_07284,ALI,OZER,a.ozer@ce1.marmara.edu.tr,CS101,59,2
2015_65419,ALI,OZKAN,a.ozkan@ce1.marmara.edu.tr,CS101,63,1
2015_08559,ALI,SIMSEK,a.simsek@ce1.marmara.edu.tr,CS101,59,1
2015_31182,ALI,SULEYMAN,a.suleyman@ce1.marmara.edu.tr,CS101,77,1
2015_54200,ALI,YILMAZ,a.yilmaz@ce1.marmara.edu.tr,CS101,58,2
2015_19345,ASLI,AY,a.ay@ce1.marmara.edu.tr,CS101,100,1
2015_91691,ASLI,AY,a.ay@ce1.marmara.edu.tr,CS101,59,1
2015_91691,ASLI,AY,a.ay@ce1.marmara.edu.tr,CS102,100,1
2015_19345,ASLI,AY,a.ay@ce1.marmara.edu.tr,CS102,79,2
2015_34854,ASLI,CELIK,a.celik@ce1.marmara.edu.tr,CS101,65,1
2015_19725,ASLI,DOGAN,a.dogan@ce1.marmara.edu.tr,CS102,70,1
2015_42462,ASLI,ESEN,a.esen@ce1.marmara.edu.tr,CS101,64,2
2015_53736,ASLI,ILHAN,a.ilhan@ce1.marmara.edu.tr,CS102,56,2
2015_38041,ASLI,KOC,a.koc@ce1.marmara.edu.tr,CS101,87,2
2015_38041,ASLI,KOC,a.koc@ce1.marmara.edu.tr,CS102,92,2
2015_47400,ASLI,KURT,a.kurt@ce1.marmara.edu.tr,CS101,62,2
2015_27798,ASLI,OZDEMIR,a.ozdemir@ce1.marmara.edu.tr,CS101,66,1
2015_06463,ASLI,YILMAZ,a.yilmaz@ce1.marmara.edu.tr,CS101,60,1
2015_83632,AYLIN,ARSLAN,a.arslan@ce1.marmara.edu.tr,CS101,97,1
2015_13655,AYLIN,ASLAN,a.aslan@ce1.marmara.edu.tr,CS101,99,2
2015_10456,AYLIN,AYDOGAN,a.aydogan@ce1.marmara.edu.tr,CS101,65,2
2015_03877,AYLIN,CELIK,a.celik@ce1.marmara.edu.tr,CS101,73,1
2015_35728,AYLIN,DILER,a.diler@ce1.marmara.edu.tr,CS101,66,1
2015_08148,AYLIN,DOGAN,a.dogan@ce1.marmara.edu.tr,CS101,55,2
2015_66685,AYLIN,DOGAN,a.dogan@ce1.marmara.edu.tr,CS101,82,1
2015_69309,AYLIN,ESEN,a.esen@ce1.marmara.edu.tr,CS101,97,1
2015_33376,AYLIN,GUL,a.gul@ce1.marmara.edu.tr,CS101,58,1
2015_33685,AYLIN,GUL,a.gul@ce1.marmara.edu.tr,CS101,68,2
2015_68012,AYLIN,GURCAN,a.gurcan@ce1.marmara.edu.tr,CS101,75,1
2015_70737,AYLIN,GURCAN,a.gurcan@ce1.marmara.edu.tr,CS101,90,1
2015_98917,AYLIN,KARA,a.kara@ce1.marmara.edu.tr,CS101,90,2
2015_31592,AYLIN,KARA,a.kara@ce1.marmara.edu.tr,CS101,98,2
2015_37287,AYLIN,OZDEMIR,a.ozdemir@ce1.marmara.edu.tr,CS102,61,1
2015_46828,AYLIN,SULEYMAN,a.suleyman@ce1.marmara.edu.tr,CS101,57,2
2015_28227,AYLIN,SULEYMAN,a.suleyman@ce1.marmara.edu.tr,CS101,73,1
2015_32046,AYSE,AKTAS,a.aktas@ce1.marmara.edu.tr,CS101,96,1
2015_08129,AYSE,ARSLAN,a.arslan@ce1.marmara.edu.tr,CS101,65,2
2015_52320,AYSE,ARSLAN,a.arslan@ce1.marmara.edu.tr,CS101,77,1
2015_12931,AYSE,ARSLAN,a.arslan@ce1.marmara.edu.tr,CS101,84,2
2015_12931,AYSE,ARSLAN,a.arslan@ce1.marmara.edu.tr,CS102,67,2
2015_18844,AYSE,DOGAN,a.dogan@ce1.marmara.edu.tr,CS101,83,2
2015_04772,AYSE,HIKMET,a.hikmet@ce1.marmara.edu.tr,CS101,70,1
2015_57595,AYSE,HIKMET,a.hikmet@ce1.marmara.edu.tr,CS102,71,1
2015_56350,AYSE,KOC,a.koc@ce1.marmara.edu.tr,CS101,99,2
2015_81932,AYSE,KURT,a.kurt@ce1.marmara.edu.tr,CS101,77,2
2015_98275,AYSE,OZDEMIR,a.ozdemir@ce1.marmara.edu.tr,CS101,57,1
2015_88858,AYSE,OZDEMIR,a.ozdemir@ce1.marmara.edu.tr,CS101,59,2
2015_16635,AYSE,SIMSEK,a.simsek@ce1.marmara.edu.tr,CS102,55,2
2015_41200,AZRA,AKTAS,a.aktas@ce1.marmara.edu.tr,CS101,74,1
2015_41194,AZRA,AKTAS,a.aktas@ce1.marmara.edu.tr,CS101,85,2
2015_57391,AZRA,AYDIN,a.aydin@ce1.marmara.edu.tr,CS101,51,2
2015_23089,AZRA,DOGAN,a.dogan@ce1.marmara.edu.tr,CS101,59,1
2015_52645,AZRA,FATIH,a.fatih@ce1.marmara.edu.tr,CS101,71,2
2015_91594,AZRA,FATIH,a.fatih@ce1.marmara.edu.tr,CS101,74,1
2015_15460,AZRA,GURCAN,a.gurcan@ce1.marmara.edu.tr,CS101,61,1
2015_27223,AZRA,GURCAN,a.gurcan@ce1.marmara.edu.tr,CS101,95,1
2015_27223,AZRA,GURCAN,a.gurcan@ce1.marmara.edu.tr,CS102,90,1
2015_83102,AZRA,KURT,a.kurt@ce1.marmara.edu.tr,CS101,78,2
2015_85910,AZRA,KURT,a.kurt@ce1.marmara.edu.tr,CS101,98,1
2015_25462,AZRA,OZDEMIR,a.ozdemir@ce1.marmara.edu.tr,CS101,68,1
2015_73180,AZRA,OZDEMIR,a.ozdemir@ce1.marmara.edu.tr,CS101,89,2
2015_48761,AZRA,OZKAN,a.ozkan@ce1.marmara.edu.tr,CS101,58,2
2015_35127,AZRA,PEK,a.pek@ce1.marmara.edu.tr,CS101,92,2
2015_35127,AZRA,PEK,a.pek@ce1.marmara.edu.tr,CS102,76,1
2015_33340,AZRA,SULEYMAN,a.suleyman@ce1.marmara.edu.tr,CS101,60,1
2015_36830,AZRA,SULEYMAN,a.suleyman@ce1.marmara.edu.tr,CS101,68,2
2015_36830,AZRA,SULEYMAN,a.suleyman@ce1.marmara.edu.tr,CS102,64,2
2015_49788,BETUL,AKTAS,b.aktas@ce1.marmara.edu.tr,CS101,88,2
2015_01469,BETUL,AKTAS,b.aktas@ce1.marmara.edu.tr,CS101,90,1
2015_49788,BETUL,AKTAS,b.aktas@ce1.marmara.edu.tr,CS102,100,2
2015_08931,BETUL,ASLAN,b.aslan@ce1.marmara.edu.tr,CS101,62,2
2015_28125,BETUL,CAN,b.can@ce1.marmara.edu.tr,CS101,53,1
2015_28125,BETUL,CAN,b.can@ce1.marmara.edu.tr,CS102,83,1
2015_31687,BETUL,DILER,b.diler@ce1.marmara.edu.tr,CS101,76,1
2015_31687,BETUL,DILER,b.diler@ce1.marmara.edu.tr,CS102,54,1
2015_50204,BETUL,DOGAN,b.dogan@ce1.marmara.edu.tr,CS101,73,2
2015_10688,BETUL,DOGAN,b.dogan@ce1.marmara.edu.tr,CS101,83,1
2015_39019,BETUL,ISIK,b.isik@ce1.marmara.edu.tr,CS101,80,1
2015_45855,BETUL,OZDEMIR,b.ozdemir@ce1.marmara.edu.tr,CS101,77,1
2015_84366,BETUL,OZDEMIR,b.ozdemir@ce1.marmara.edu.tr,CS101,80,2
2015_30486,BETUL,OZKAN,b.ozkan@ce1.marmara.edu.tr,CS101,68,2
2015_30486,BETUL,OZKAN,b.ozkan@ce1.marmara.edu.tr,CS102,51,1
2015_95317,BETUL,YILDIRIM,b.yildirim@ce1.marmara.edu.tr,CS101,67,1
2015_06332,BETUL,YILMAZ,b.yilmaz@ce1.marmara.edu.tr,CS101,83,1
2015_06332,BETUL,YILMAZ,b.yilmaz@ce1.marmara.edu.tr,CS102,78,1
2015_60894,BILGE,AKTAS,b.aktas@ce1.marmara.edu.tr,CS101,88,2
2015_27767,BILGE,ASLAN,b.aslan@ce1.marmara.edu.tr,CS101,52,1
2015_35964,BILGE,AYDIN,b.aydin@ce1.marmara.edu.tr,CS102,90,1
2015_61933,BILGE,AYDOGAN,b.aydogan@ce1.marmara.edu.tr,CS101,67,1
2015_49181,BILGE,CAN,b.can@ce1.marmara.edu.tr,CS101,72,2
2015_05010,BILGE,DILER,b.diler@ce1.marmara.edu.tr,CS101,74,2
2015_65225,BILGE,ESEN,b.esen@ce1.marmara.edu.tr,CS101,53,1
2015_66357,BILGE,KARA,b.kara@ce1.marmara.edu.tr,CS101,94,2
2015_29176,BILGE,SULEYMAN,b.suleyman@ce1.marmara.edu.tr,CS101,65,1
2015_29176,BILGE,SULEYMAN,b.suleyman@ce1.marmara.edu.tr,CS102,56,2
2015_14258,CAN,AKTAS,c.aktas@ce1.marmara.edu.tr,CS101,79,2
2015_40150,CANAN,AY,c.ay@ce1.marmara.edu.tr,CS101,64,2
2015_22163,CANAN,AY,c.ay@ce1.marmara.edu.tr,CS101,82,2
2015_22163,CANAN,AY,c.ay@ce1.marmara.edu.tr,CS102,68,1
2015_25788,CANAN,CAN,c.can@ce1.marmara.edu.tr,CS101,84,2
2015_92173,CANAN,CELIK,c.celik@ce1.marmara.edu.tr,CS101,89,2
2015_51869,CANAN,DILER,c.diler@ce1.marmara.edu.tr,CS101,71,1
2015_85738,CANAN,DOGAN,c.dogan@ce1.marmara.edu.tr,CS101,96,1
2015_91551,CANAN,GUL,c.gul@ce1.marmara.edu.tr,CS101,60,1
2015_63497,CANAN,ILHAN,c.ilhan@ce1.marmara.edu.tr,CS101,85,2
2015_09861,CANAN,ILHAN,c.ilhan@ce1.marmara.edu.tr,CS101,90,2
2015_32697,CANAN,KARA,c.kara@ce1.marmara.edu.tr,CS101,58,2
2015_50813,CANAN,KARA,c.kara@ce1.marmara.edu.tr,CS101,66,1
2015_24924,CANAN,KARA,c.kara@ce1.marmara.edu.tr,CS101,76,1
2015_93989,CANAN,KARA,c.kara@ce1.marmara.edu.tr,CS102,98,2
2015_70421,CANAN,SIMSEK,c.simsek@ce1.marmara.edu.tr,CS101,85,2
2015_32506,CANAN,SIMSEK,c.simsek@ce1.marmara.edu.tr,CS101,89,1
2015_70421,CANAN,SIMSEK,c.simsek@ce1.marmara.edu.tr,CS102,97,2
2015_85862,CANAN,YILMAZ,c.yilmaz@ce1.marmara.edu.tr,CS101,65,1
2015_83325,CAN,ASLAN,c.aslan@ce1.marmara.edu.tr,CS101,55,1
2015_70223,CAN,AY,c.ay@ce1.marmara.edu.tr,CS101,51,1
2015_13536,CAN,AYDOGAN,c.aydogan@ce1.marmara.edu.tr,CS101,76,2
2015_42692,CAN,CAN,c.can@ce1.marmara.edu.tr,CS101,65,2
2015_43634,CAN,CELIK,c.celik@ce1.marmara.edu.tr,CS102,91,2
2015_41972,CAN,DOGAN,c.dogan@ce1.marmara.edu.tr,CS101,69,2
2015_62815,CAN,ESEN,c.esen@ce1.marmara.edu.tr,CS101,89,1
2015_62815,CAN,ESEN,c.esen@ce1.marmara.edu.tr,CS102,51,1
2015_70155,CAN,ILHAN,c.ilhan@ce1.marmara.edu.tr,CS101,93,2
2015_31883,CAN,KARA,c.kara@ce1.marmara.edu.tr,CS101,65,2
2015_06222,CAN,KAYA,c.kaya@ce1.marmara.edu.tr,CS101,54,1
2015_88948,CAN,KOC,c.koc@ce1.marmara.edu.tr,CS101,69,1
2015_42005,CAN,KOC,c.koc@ce1.marmara.edu.tr,CS101,94,1
2015_50474,CAN,PEK,c.pek@ce1.marmara.edu.tr,CS101,58,2
2015_09032,CIGDEM,AYDOGAN,c.aydogan@ce1.marmara.edu.tr,CS101,91,2
2015_68228,CIGDEM,CAN,c.can@ce1.marmara.edu.tr,CS101,71,2
2015_03227,CIGDEM,CAN,c.can@ce1.marmara.edu.tr,CS102,85,1
2015_36635,CIGDEM,CELIK,c.celik@ce1.marmara.edu.tr,CS101,59,1
2015_04075,CIGDEM,DILER,c.diler@ce1.marmara.edu.tr,CS101,85,1
2015_00063,CIGDEM,DOGAN,c.dogan@ce1.marmara.edu.tr,CS101,84,2
2015_00120,CIGDEM,DOGAN,c.dogan@ce1.marmara.edu.tr,CS101,95,2
2015_32071,CIGDEM,ESEN,c.esen@ce1.marmara.edu.tr,CS102,51,2
2015_16522,CIGDEM,ESEN,c.esen@ce1.marmara.edu.tr,CS102,88,1
2015_33434,CIGDEM,FATIH,c.fatih@ce1.marmara.edu.tr,CS101,100,1
2015_00721,CIGDEM,GURCAN,c.gurcan@ce1.marmara.edu.tr,CS101,78,1
2015_77311,CIGDEM,ILHAN,c.ilhan@ce1.marmara.edu.tr,CS101,73,1
2015_77311,CIGDEM,ILHAN,c.ilhan@ce1.marmara.edu.tr,CS102,80,1
2015_64186,CIGDEM,KOC,c.koc@ce1.marmara.edu.tr,CS101,65,1
2015_55611,CIGDEM,KOC,c.koc@ce1.marmara.edu.tr,CS101,96,1
2015_17051,CIGDEM,OZER,c.ozer@ce1.marmara.edu.tr,CS101,68,2
2015_43932,CIGDEM,OZKAN,c.ozkan@ce1.marmara.edu.tr,CS101,63,1
2015_57801,CIGDEM,PEK,c.pek@ce1.marmara.edu.tr,CS101,65,2
2015_25852,CIGDEM,PEK,c.pek@ce1.marmara.edu.tr,CS101,82,2
2015_27159,CIGDEM,PEK,c.pek@ce1.marmara.edu.tr,CS101,95,1
2015_28221,CIGDEM,SULEYMAN,c.suleyman@ce1.marmara.edu.tr,CS101,94,2
2015_82647,CIGDEM,SULEYMAN,c.suleyman@ce1.marmara.edu.tr,CS101,99,1
2015_02912,CIGDEM,YILMAZ,c.yilmaz@ce1.marmara.edu.tr,CS101,75,1
2015_84096,EFE,AKTAS,e.aktas@ce1.marmara.edu.tr,CS101,98,1
2015_83094,EFE,ARSLAN,e.arslan@ce1.marmara.edu.tr,CS102,94,1
2015_58828,EFE,ASLAN,e.aslan@ce1.marmara.edu.tr,CS101,60,2
2015_63418,EFE,AYDIN,e.aydin@ce1.marmara.edu.tr,CS101,72,2
2015_03365,EFE,CAN,e.can@ce1.marmara.edu.tr,CS101,69,1
2015_57948,EFE,DILER,e.diler@ce1.marmara.edu.tr,CS101,55,2
2015_59817,EFE,DILER,e.diler@ce1.marmara.edu.tr,CS101,69,2
2015_04408,EFE,DILER,e.diler@ce1.marmara.edu.tr,CS101,99,2
2015_04408,EFE,DILER,e.diler@ce1.marmara.edu.tr,CS102,57,1
2015_83248,EFE,DOGAN,e.dogan@ce1.marmara.edu.tr,CS101,67,2
2015_04552,EFE,KARA,e.kara@ce1.marmara.edu.tr,CS101,98,1
2015_04552,EFE,KARA,e.kara@ce1.marmara.edu.tr,CS102,84,2
2015_87958,EFE,KURT,e.kurt@ce1.marmara.edu.tr,CS101,75,2
2015_45524,EFE,KURT,e.kurt@ce1.marmara.edu.tr,CS101,94,1
2015_28550,EFE,OZER,e.ozer@ce1.marmara.edu.tr,CS101,72,2
2015_93481,EFE,OZKAN,e.ozkan@ce1.marmara.edu.tr,CS101,83,1
2015_93481,EFE,OZKAN,e.ozkan@ce1.marmara.edu.tr,CS102,70,2
2015_49048,EFE,SIMSEK,e.simsek@ce1.marmara.edu.tr,CS101,57,1
2015_77819,EFE,SIMSEK,e.simsek@ce1.marmara.edu.tr,CS101,60,2
2015_98954,EFE,SULEYMAN,e.suleyman@ce1.marmara.edu.tr,CS101,67,2
2015_54988,EFE,SULEYMAN,e.suleyman@ce1.marmara.edu.tr,CS101,75,1
2015_67771,EGE,AKTAS,e.aktas@ce1.marmara.edu.tr,CS101,96,1
2015_45370,EGE,ARSLAN,e.arslan@ce1.marmara.edu.tr,CS101,51,2
2015_79303,EGE,ARSLAN,e.arslan@ce1.marmara.edu.tr,CS101,53,1
2015_02229,EGE,AYDIN,e.aydin@ce1.marmara.edu.tr,CS101,96,1
2015_60143,EGE,CELIK,e.celik@ce1.marmara.edu.tr,CS101,84,2
2015_86115,EGE,CELIK,e.celik@ce1.marmara.edu.tr,CS101,97,2
2015_75030,EGE,FATIH,e.fatih@ce1.marmara.edu.tr,CS101,52,2
2015_62092,EGE,GURCAN,e.gurcan@ce1.marmara.edu.tr,CS101,70,2
2015_69553,EGE,GURCAN,e.gurcan@ce1.marmara.edu.tr,CS101,84,1
2015_50398,EGE,KARA,e.kara@ce1.marmara.edu.tr,CS101,68,1
2015_69252,EGE,KARA,e.kara@ce1.marmara.edu.tr,CS101,69,1
2015_14020,EGE,KAYA,e.kaya@ce1.marmara.edu.tr,CS101,89,2
2015_99631,EGE,KOC,e.koc@ce1.marmara.edu.tr,CS101,94,1
2015_75224,EGE,YILDIRIM,e.yildirim@ce1.marmara.edu.tr,CS101,68,2
2015_64042,ELIF,AKTAS,e.aktas@ce1.marmara.edu.tr,CS101,88,2
2015_00480,ELIF,CAN,e.can@ce1.marmara.edu.tr,CS101,55,1
2015_00480,ELIF,CAN,e.can@ce1.marmara.edu.tr,CS102,97,2
2015_55121,ELIF,DILER,e.diler@ce1.marmara.edu.tr,CS101,64,1
2015_79700,ELIF,ESEN,e.esen@ce1.marmara.edu.tr,CS101,51,1
2015_44182,ELIF,HIKMET,e.hikmet@ce1.marmara.edu.tr,CS101,62,1
2015_48579,ELIF,ILHAN,e.ilhan@ce1.marmara.edu.tr,CS101,57,1
2015_48579,ELIF,ILHAN,e.ilhan@ce1.marmara.edu.tr,CS102,94,2
2015_57651,ELIF,ISIK,e.isik@ce1.marmara.edu.tr,CS101,63,2
2015_71235,ELIF,KAYA,e.kaya@ce1.marmara.edu.tr,CS101,92,2
2015_07508,ELIF,OZDEMIR,e.ozdemir@ce1.marmara.edu.tr,CS101,60,2
2015_71098,ELIF,YILDIRIM,e.yildirim@ce1.marmara.edu.tr,CS101,69,2
2015_00462,EMRE,AYDIN,e.aydin@ce1.marmara.edu.tr,CS101,82,2
2015_30966,EMRE,CAN,e.can@ce1.marmara.edu.tr,CS101,55,1
2015_46100,EMRE,CELIK,e.celik@ce1.marmara.edu.tr,CS101,68,1
2015_46100,EMRE,CELIK,e.celik@ce1.marmara.edu.tr,CS102,77,2
2015_15198,EMRE,DILER,e.diler@ce1.marmara.edu.tr,CS101,59,2
2015_96853,EMRE,DILER,e.diler@ce1.marmara.edu.tr,CS101,79,1
2015_79346,EMRE,DILER,e.diler@ce1.marmara.edu.tr,CS101,83,2
2015_79346,EMRE,DILER,e.diler@ce1.marmara.edu.tr,CS102,52,1
2015_58905,EMRE,DOGAN,e.dogan@ce1.marmara.edu.tr,CS101,100,2
2015_32867,EMRE,KOC,e.koc@ce1.marmara.edu.tr,CS101,91,1
2015_84161,EMRE,KURT,e.kurt@ce1.marmara.edu.tr,CS101,95,2
2015_04649,EMRE,OZER,e.ozer@ce1.marmara.edu.tr,CS101,52,1
2015_03803,EMRE,PEK,e.pek@ce1.marmara.edu.tr,CS101,72,2
2015_72723,EMRE,PEK,e.pek@ce1.marmara.edu.tr,CS101,93,2
2015_87611,FATMA,AKTAS,f.aktas@ce1.marmara.edu.tr,CS101,52,1
2015_04971,FATMA,AYDIN,f.aydin@ce1.marmara.edu.tr,CS101,65,2
2015_62181,FATMA,AY,f.ay@ce1.marmara.edu.tr,CS101,94,2
2015_66903,FATMA,ILHAN,f.ilhan@ce1.marmara.edu.tr,CS101,91,1
2015_62189,FATMA,KARA,f.kara@ce1.marmara.edu.tr,CS101,51,1
2015_85703,FATMA,KARA,f.kara@ce1.marmara.edu.tr,CS101,57,2
2015_49232,FATMA,KAYA,f.kaya@ce1.marmara.edu.tr,CS102,93,2
2015_47337,FATMA,OZER,f.ozer@ce1.marmara.edu.tr,CS101,75,2
2015_45521,FATMA,PEK,f.pek@ce1.marmara.edu.tr,CS101,55,2
2015_14242,FIKRET,AYDIN,f.aydin@ce1.marmara.edu.tr,CS101,76,2
2015_38491,FIKRET,AYDIN,f.aydin@ce1.marmara.edu.tr,CS101,84,1
2015_14242,FIKRET,AYDIN,f.aydin@ce1.marmara.edu.tr,CS102,85,1
2015_41974,FIKRET,AYDOGAN,f.aydogan@ce1.marmara.edu.tr,CS101,94,2
2015_09530,FIKRET,AY,f.ay@ce1.marmara.edu.tr,CS101,64,2
2015_15033,FIKRET,CELIK,f.celik@ce1.marmara.edu.tr,CS101,76,2
2015_58796,FIKRET,CELIK,f.celik@ce1.marmara.edu.tr,CS101,80,1
2015_67724,FIKRET,DILER,f.diler@ce1.marmara.edu.tr,CS101,81,2
2015_79057,FIKRET,GURCAN,f.gurcan@ce1.marmara.edu.tr,CS101,83,2
2015_11677,FIKRET,GURCAN,f.gurcan@ce1.marmara.edu.tr,CS101,87,1
2015_43812,FIKRET,GURCAN,f.gurcan@ce1.marmara.edu.tr,CS101,97,1
2015_36560,FIKRET,HIKMET,f.hikmet@ce1.marmara.edu.tr,CS101,80,1
2015_20728,FIKRET,ILHAN,f.ilhan@ce1.marmara.edu.tr,CS101,84,1
2015_70641,FIKRET,OZDEMIR,f.ozdemir@ce1.marmara.edu.tr,CS101,55,1
2015_70641,FIKRET,OZDEMIR,f.ozdemir@ce1.marmara.edu.tr,CS102,87,2
2015_65968,FIKRET,OZER,f.ozer@ce1.marmara.edu.tr,CS101,74,1
2015_76074,FIKRET,PEK,f.pek@ce1.marmara.edu.tr,CS101,69,1
2015_16274,FIKRET,PEK,f.pek@ce1.marmara.edu.tr,CS101,91,2
2015_68748,FIKRET,SULEYMAN,f.suleyman@ce1.marmara.edu.tr,CS101,82,1
2015_62262,FIKRET,YILMAZ,f.yilmaz@ce1.marmara.edu.tr,CS101,53,1
2015_51116,FIKRET,YILMAZ,f.yilmaz@ce1.marmara.edu.tr,CS101,57,2
2015_47097,GULSUM,AKTAS,g.aktas@ce1.marmara.edu.tr,CS101,54,2
2015_67515,GULSUM,ARSLAN,g.arslan@ce1.marmara.edu.tr,CS102,68,1
2015_26015,GULSUM,AY,g.ay@ce1.marmara.edu.tr,CS101,51,2
2015_61890,GULSUM,AY,g.ay@ce1.marmara.edu.tr,CS101,58,2
2015_97074,GULSUM,AY,g.ay@ce1.marmara.edu.tr,CS101,73,2
2015_69552,GULSUM,AY,g.ay@ce1.marmara.edu.tr,CS101,87,2
2015_29045,GULSUM,ESEN,g.esen@ce1.marmara.edu.tr,CS101,86,1
2015_24678,GULSUM,GUL,g.gul@ce1.marmara.edu.tr,CS101,56,1
2015_32086,GULSUM,ILHAN,g.ilhan@ce1.marmara.edu.tr,CS102,88,1
2015_88702,GULSUM,KAYA,g.kaya@ce1.marmara.edu.tr,CS101,82,2
2015_15447,GULSUM,KAYA,g.kaya@ce1.marmara.edu.tr,CS102,72,2
2015_25747,GULSUM,OZDEMIR,g.ozdemir@ce1.marmara.edu.tr,CS101,88,2
2015_22704,GULSUM,OZER,g.ozer@ce1.marmara.edu.tr,CS101,62,1
2015_97391,GULSUM,OZER,g.ozer@ce1.marmara.edu.tr,CS101,66,2
2015_29370,GULSUM,OZER,g.ozer@ce1.marmara.edu.tr,CS101,86,2
2015_17495,GULSUM,PEK,g.pek@ce1.marmara.edu.tr,CS101,86,1
2015_99956,GULSUM,YILDIRIM,g.yildirim@ce1.marmara.edu.tr,CS101,96,1
2015_51736,GULSUM,YILMAZ,g.yilmaz@ce1.marmara.edu.tr,CS101,60,1
2015_26530,GULSUM,YILMAZ,g.yilmaz@ce1.marmara.edu.tr,CS101,78,2
2015_82886,GULSUM,YILMAZ,g.yilmaz@ce1.marmara.edu.tr,CS101,78,2
2015_51069,HARUN,ARSLAN,h.arslan@ce1.marmara.edu.tr,CS101,75,1
2015_23228,HARUN,ARSLAN,h.arslan@ce1.marmara.edu.tr,CS101,85,1
2015_08501,HARUN,ARSLAN,h.arslan@ce1.marmara.edu.tr,CS102,84,2
2015_92949,HARUN,AY,h.ay@ce1.marmara.edu.tr,CS101,52,2
2015_46485,HARUN,CELIK,h.celik@ce1.marmara.edu.tr,CS101,85,1
2015_46485,HARUN,CELIK,h.celik@ce1.marmara.edu.tr,CS102,76,1
2015_01349,HARUN,DOGAN,h.dogan@ce1.marmara.edu.tr,CS101,63,2
2015_51997,HARUN,DOGAN,h.dogan@ce1.marmara.edu.tr,CS102,97,1
2015_30432,HARUN,FATIH,h.fatih@ce1.marmara.edu.tr,CS102,82,1
2015_33124,HARUN,HIKMET,h.hikmet@ce1.marmara.edu.tr,CS101,92,1
2015_86229,HARUN,ILHAN,h.ilhan@ce1.marmara.edu.tr,CS101,57,1
2015_41483,HARUN,KOC,h.koc@ce1.marmara.edu.tr,CS101,61,1
2015_38483,HARUN,KOC,h.koc@ce1.marmara.edu.tr,CS101,78,2
2015_04940,HARUN,KOC,h.koc@ce1.marmara.edu.tr,CS101,96,1
2015_97698,HARUN,OZER,h.ozer@ce1.marmara.edu.tr,CS101,65,1
2015_01392,HARUN,YILDIRIM,h.yildirim@ce1.marmara.edu.tr,CS101,68,1
2015_43972,HARUN,YILDIRIM,h.yildirim@ce1.marmara.edu.tr,CS102,52,2
2015_50344,HARUN,YILDIRIM,h.yildirim@ce1.marmara.edu.tr,CS102,81,1
2015_84402,HARUN,YILMAZ,h.yilmaz@ce1.marmara.edu.tr,CS101,85,2
2015_66938,HASAN,AKTAS,h.aktas@ce1.marmara.edu.tr,CS101,82,2
2015_49780,HASAN,AKTAS,h.aktas@ce1.marmara.edu.tr,CS102,90,1
2015_44599,HASAN,ARSLAN,h.arslan@ce1.marmara.edu.tr,CS101,84,1
2015_46286,HASAN,AYDOGAN,h.aydogan@ce1.marmara.edu.tr,CS101,82,2
2015_47652,HASAN,CAN,h.can@ce1.marmara.edu.tr,CS101,74,1
2015_44674,HASAN,CELIK,h.celik@ce1.marmara.edu.tr,CS101,70,1
2015_44674,HASAN,CELIK,h.celik@ce1.marmara.edu.tr,CS102,88,1
2015_06647,HASAN,FATIH,h.fatih@ce1.marmara.edu.tr,CS101,73,2
2015_14127,HASAN,GUL,h.gul@ce1.marmara.edu.tr,CS101,89,1
2015_31136,HASAN,ISIK,h.isik@ce1.marmara.edu.tr,CS101,70,2
2015_73390,HASAN,OZDEMIR,h.ozdemir@ce1.marmara.edu.tr,CS101,72,1
2015_12566,HASAN,OZDEMIR,h.ozdemir@ce1.marmara.edu.tr,CS101,89,2
2015_02388,HASAN,SULEYMAN,h.suleyman@ce1.marmara.edu.tr,CS101,84,1
2015_40114,HASAN,YILMAZ,h.yilmaz@ce1.marmara.edu.tr,CS101,54,2
2015_51416,HILAL,AY,h.ay@ce1.marmara.edu.tr,CS101,65,1
2015_63667,HILAL,CELIK,h.celik@ce1.marmara.edu.tr,CS101,62,1
2015_63667,HILAL,CELIK,h.celik@ce1.marmara.edu.tr,CS102,83,1
2015_56925,HILAL,ESEN,h.esen@ce1.marmara.edu.tr,CS101,81,2
2015_56925,HILAL,ESEN,h.esen@ce1.marmara.edu.tr,CS102,54,2
2015_56116,HILAL,HIKMET,h.hikmet@ce1.marmara.edu.tr,CS101,61,1
2015_56116,HILAL,HIKMET,h.hikmet@ce1.marmara.edu.tr,CS102,51,1
2015_83548,HILAL,KAYA,h.kaya@ce1.marmara.edu.tr,CS101,57,2
2015_50053,HILAL,OZKAN,h.ozkan@ce1.marmara.edu.tr,CS101,62,2
2015_54027,HILAL,PEK,h.pek@ce1.marmara.edu.tr,CS101,68,2
2015_54027,HILAL,PEK,h.pek@ce1.marmara.edu.tr,CS102,60,1
2015_26999,HILAL,SIMSEK,h.simsek@ce1.marmara.edu.tr,CS101,56,2
2015_80070,HILAL,YILMAZ,h.yilmaz@ce1.marmara.edu.tr,CS101,97,1
2015_80070,HILAL,YILMAZ,h.yilmaz@ce1.marmara.edu.tr,CS102,75,2
2015_75312,HUSEYIN,AYDIN,h.aydin@ce1.marmara.edu.tr,CS101,52,2
2015_27860,HUSEYIN,AYDOGAN,h.aydogan@ce1.marmara.edu.tr,CS101,53,2
2015_18568,HUSEYIN,CAN,h.can@ce1.marmara.edu.tr,CS101,74,2
2015_57036,HUSEYIN,DILER,h.diler@ce1.marmara.edu.tr,CS101,88,1
2015_42539,HUSEYIN,DOGAN,h.dogan@ce1.marmara.edu.tr,CS101,99,2
2015_48793,HUSEYIN,ESEN,h.esen@ce1.marmara.edu.tr,CS101,75,1
2015_52272,HUSEYIN,FATIH,h.fatih@ce1.marmara.edu.tr,CS101,57,2
2015_75430,HUSEYIN,GUL,h.gul@ce1.marmara.edu.tr,CS101,55,1
2015_37989,HUSEYIN,GUL,h.gul@ce1.marmara.edu.tr,CS101,79,2
2015_09976,HUSEYIN,HIKMET,h.hikmet@ce1.marmara.edu.tr,CS101,82,2
2015_88998,HUSEYIN,HIKMET,h.hikmet@ce1.marmara.edu.tr,CS101,92,1
2015_88998,HUSEYIN,HIKMET,h.hikmet@ce1.marmara.edu.tr,CS102,78,1
2015_35722,HUSEYIN,ISIK,h.isik@ce1.marmara.edu.tr,CS101,64,2
2015_88060,HUSEYIN,ISIK,h.isik@ce1.marmara.edu.tr,CS101,65,2
2015_01030,HUSEYIN,KOC,h.koc@ce1.marmara.edu.tr,CS101,59,2
2015_07087,HUSEYIN,OZDEMIR,h.ozdemir@ce1.marmara.edu.tr,CS101,90,2
2015_07087,HUSEYIN,OZDEMIR,h.ozdemir@ce1.marmara.edu.tr,CS102,74,1
2015_79994,HUSEYIN,OZKAN,h.ozkan@ce1.marmara.edu.tr,CS101,63,2
2015_55672,HUSEYIN,SIMSEK,h.simsek@ce1.marmara.edu.tr,CS101,55,1
2015_35715,HUSEYIN,SIMSEK,h.simsek@ce1.marmara.edu.tr,CS101,68,2
2015_06639,HUSEYIN,SIMSEK,h.simsek@ce1.marmara.edu.tr,CS101,72,2
2015_22121,HUSEYIN,SIMSEK,h.simsek@ce1.marmara.edu.tr,CS101,76,1
2015_01462,HUSEYIN,SIMSEK,h.simsek@ce1.marmara.edu.tr,CS101,87,2
2015_55672,HUSEYIN,SIMSEK,h.simsek@ce1.marmara.edu.tr,CS102,58,1
2015_76417,ISMAIL,ARSLAN,i.arslan@ce1.marmara.edu.tr,CS101,76,1
2015_44526,ISMAIL,ARSLAN,i.arslan@ce1.marmara.edu.tr,CS101,82,2
2015_99934,ISMAIL,ASLAN,i.aslan@ce1.marmara.edu.tr,CS102,60,1
2015_01250,ISMAIL,AYDOGAN,i.aydogan@ce1.marmara.edu.tr,CS101,72,2
2015_84693,ISMAIL,DILER,i.diler@ce1.marmara.edu.tr,CS101,55,2
2015_84248,ISMAIL,GUL,i.gul@ce1.marmara.edu.tr,CS102,97,1
2015_04934,ISMAIL,GURCAN,i.gurcan@ce1.marmara.edu.tr,CS102,66,1
2015_95973,ISMAIL,OZKAN,i.ozkan@ce1.marmara.edu.tr,CS101,54,1
2015_31493,ISMAIL,SULEYMAN,i.suleyman@ce1.marmara.edu.tr,CS101,79,2
2015_68682,ISMAIL,YILDIRIM,i.yildirim@ce1.marmara.edu.tr,CS101,74,1
2015_47084,ISMAIL,YILMAZ,i.yilmaz@ce1.marmara.edu.tr,CS101,74,2
2015_17249,LALE,AKTAS,l.aktas@ce1.marmara.edu.tr,CS101,76,2
2015_37371,LALE,ARSLAN,l.arslan@ce1.marmara.edu.tr,CS101,75,2
2015_68653,LALE,AYDIN,l.aydin@ce1.marmara.edu.tr,CS101,69,2
2015_86905,LALE,AYDOGAN,l.aydogan@ce1.marmara.edu.tr,CS101,63,1
2015_73528,LALE,AYDOGAN,l.aydogan@ce1.marmara.edu.tr,CS102,60,1
2015_29198,LALE,CAN,l.can@ce1.marmara.edu.tr,CS101,61,2
2015_98849,LALE,CAN,l.can@ce1.marmara.edu.tr,CS101,95,2
2015_45161,LALE,CELIK,l.celik@ce1.marmara.edu.tr,CS101,65,1
2015_86859,LALE,DILER,l.diler@ce1.marmara.edu.tr,CS102,87,2
2015_92304,LALE,HIKMET,l.hikmet@ce1.marmara.edu.tr,CS101,74,1
2015_86052,LALE,ILHAN,l.ilhan@ce1.marmara.edu.tr,CS101,88,1
2015_84246,LALE,KAYA,l.kaya@ce1.marmara.edu.tr,CS101,69,2
2015_84246,LALE,KAYA,l.kaya@ce1.marmara.edu.tr,CS102,56,2
2015_01203,LALE,KOC,l.koc@ce1.marmara.edu.tr,CS101,64,2
2015_01203,LALE,KOC,l.koc@ce1.marmara.edu.tr,CS102,75,1
2015_23344,LALE,SULEYMAN,l.suleyman@ce1.marmara.edu.tr,CS101,66,1
2015_52773,MEHMET,AYDOGAN,m.aydogan@ce1.marmara.edu.tr,CS101,59,2
2015_34452,MEHMET,AY,m.ay@ce1.marmara.edu.tr,CS101,77,2
2015_27214,MEHMET,CAN,m.can@ce1.marmara.edu.tr,CS101,59,1
2015_61854,MEHMET,CELIK,m.celik@ce1.marmara.edu.tr,CS101,92,1
2015_80129,MEHMET,DILER,m.diler@ce1.marmara.edu.tr,CS101,76,2
2015_90197,MEHMET,FATIH,m.fatih@ce1.marmara.edu.tr,CS101,88,2
2015_47064,MEHMET,FATIH,m.fatih@ce1.marmara.edu.tr,CS102,88,1
2015_32616,MEHMET,GURCAN,m.gurcan@ce1.marmara.edu.tr,CS101,60,2
2015_38018,MEHMET,GURCAN,m.gurcan@ce1.marmara.edu.tr,CS101,64,2
2015_38018,MEHMET,GURCAN,m.gurcan@ce1.marmara.edu.tr,CS102,83,1
2015_63728,MEHMET,ISIK,m.isik@ce1.marmara.edu.tr,CS101,58,2
2015_67977,MEHMET,KARA,m.kara@ce1.marmara.edu.tr,CS101,89,1
2015_31331,MEHMET,KAYA,m.kaya@ce1.marmara.edu.tr,CS101,56,2
2015_28439,MEHMET,KOC,m.koc@ce1.marmara.edu.tr,CS101,99,2
2015_24691,MEHMET,OZER,m.ozer@ce1.marmara.edu.tr,CS101,64,1
2015_96702,MEHMET,OZKAN,m.ozkan@ce1.marmara.edu.tr,CS102,92,2
2015_22398,MEHMET,SIMSEK,m.simsek@ce1.marmara.edu.tr,CS101,56,1
2015_91938,MEHMET,SULEYMAN,m.suleyman@ce1.marmara.edu.tr,CS101,75,1
2015_41179,MEHMET,YILDIRIM,m.yildirim@ce1.marmara.edu.tr,CS101,82,2
2015_28509,MEHMET,YILMAZ,m.yilmaz@ce1.marmara.edu.tr,CS101,81,1
2015_28509,MEHMET,YILMAZ,m.yilmaz@ce1.marmara.edu.tr,CS102,54,1
2015_65778,MUSTAFA,AY,m.ay@ce1.marmara.edu.tr,CS101,53,1
2015_08694,MUSTAFA,AY,m.ay@ce1.marmara.edu.tr,CS101,74,2
2015_22988,MUSTAFA,AY,m.ay@ce1.marmara.edu.tr,CS101,89,2
2015_67210,MUSTAFA,DOGAN,m.dogan@ce1.marmara.edu.tr,CS101,58,2
2015_82610,MUSTAFA,GURCAN,m.gurcan@ce1.marmara.edu.tr,CS101,64,2
2015_04947,MUSTAFA,HIKMET,m.hikmet@ce1.marmara.edu.tr,CS101,88,1
2015_59882,MUSTAFA,ISIK,m.isik@ce1.marmara.edu.tr,CS101,74,1
2015_35097,MUSTAFA,KOC,m.koc@ce1.marmara.edu.tr,CS101,56,1
2015_35097,MUSTAFA,KOC,m.koc@ce1.marmara.edu.tr,CS102,55,1
2015_94370,MUSTAFA,SIMSEK,m.simsek@ce1.marmara.edu.tr,CS101,80,1
2015_89364,MUSTAFA,SULEYMAN,m.suleyman@ce1.marmara.edu.tr,CS101,87,1
2015_61739,MUSTAFA,YILMAZ,m.yilmaz@ce1.marmara.edu.tr,CS101,59,2
2015_60599,NISA,CAN,n.can@ce1.marmara.edu.tr,CS101,88,1
2015_48920,NISA,DILER,n.diler@ce1.marmara.edu.tr,CS101,65,1
2015_52423,NISA,FATIH,n.fatih@ce1.marmara.edu.tr,CS101,92,2
2015_00388,NISA,GUL,n.gul@ce1.marmara.edu.tr,CS101,90,2
2015_23811,NISA,HIKMET,n.hikmet@ce1.marmara.edu.tr,CS101,61,1
2015_23811,NISA,HIKMET,n.hikmet@ce1.marmara.edu.tr,CS102,99,2
2015_67672,NISA,ILHAN,n.ilhan@ce1.marmara.edu.tr,CS102,60,1
2015_03953,NISA,OZER,n.ozer@ce1.marmara.edu.tr,CS101,98,2
2015_99543,NISA,PEK,n.pek@ce1.marmara.edu.tr,CS101,88,1
2015_57453,NISA,YILMAZ,n.yilmaz@ce1.marmara.edu.tr,CS101,52,1
2015_80357,NUR,ASLAN,n.aslan@ce1.marmara.edu.tr,CS101,80,2
2015_17391,NURAY,AKTAS,n.aktas@ce1.marmara.edu.tr,CS102,64,1
2015_32247,NURAY,ASLAN,n.aslan@ce1.marmara.edu.tr,CS102,70,1
2015_44055,NURAY,AYDIN,n.aydin@ce1.marmara.edu.tr,CS101,74,2
2015_23771,NURAY,CELIK,n.celik@ce1.marmara.edu.tr,CS101,85,2
2015_00531,NURAY,DILER,n.diler@ce1.marmara.edu.tr,CS101,66,2
2015_72597,NURAY,GUL,n.gul@ce1.marmara.edu.tr,CS101,64,1
2015_51216,NURAY,ILHAN,n.ilhan@ce1.marmara.edu.tr,CS101,55,1
2015_08893,NURAY,ISIK,n.isik@ce1.marmara.edu.tr,CS101,66,2
2015_62446,NURAY,KOC,n.koc@ce1.marmara.edu.tr,CS102,72,2
2015_54878,NURAY,KURT,n.kurt@ce1.marmara.edu.tr,CS101,62,2
2015_23518,NURAY,KURT,n.kurt@ce1.marmara.edu.tr,CS101,75,1
2015_23518,NURAY,KURT,n.kurt@ce1.marmara.edu.tr,CS102,60,2
2015_34975,NUR,AY,n.ay@ce1.marmara.edu.tr,CS101,89,2
2015_03591,NURAY,OZDEMIR,n.ozdemir@ce1.marmara.edu.tr,CS101,82,1
2015_12228,NURAY,PEK,n.pek@ce1.marmara.edu.tr,CS101,53,1
2015_14252,NURAY,PEK,n.pek@ce1.marmara.edu.tr,CS101,98,2
2015_07389,NUR,DILER,n.diler@ce1.marmara.edu.tr,CS101,84,2
2015_41841,NUR,ESEN,n.esen@ce1.marmara.edu.tr,CS101,55,1
2015_64592,NUR,GUL,n.gul@ce1.marmara.edu.tr,CS102,82,2
2015_75966,NUR,HIKMET,n.hikmet@ce1.marmara.edu.tr,CS101,61,2
2015_05963,NUR,KOC,n.koc@ce1.marmara.edu.tr,CS101,71,2
2015_58016,NUR,KURT,n.kurt@ce1.marmara.edu.tr,CS102,93,1
2015_88107,NUR,YILDIRIM,n.yildirim@ce1.marmara.edu.tr,CS102,62,2
2015_56335,OKAN,ASLAN,o.aslan@ce1.marmara.edu.tr,CS101,92,1
2015_23225,OKAN,AYDIN,o.aydin@ce1.marmara.edu.tr,CS101,54,2
2015_44361,OKAN,AY,o.ay@ce1.marmara.edu.tr,CS101,88,2
2015_44218,OKAN,CAN,o.can@ce1.marmara.edu.tr,CS101,81,1
2015_14496,OKAN,CAN,o.can@ce1.marmara.edu.tr,CS101,83,1
2015_91069,OKAN,CELIK,o.celik@ce1.marmara.edu.tr,CS101,61,1
2015_00002,OKAN,CELIK,o.celik@ce1.marmara.edu.tr,CS101,79,2
2015_29841,OKAN,DILER,o.diler@ce1.marmara.edu.tr,CS101,96,1
2015_67190,OKAN,GUL,o.gul@ce1.marmara.edu.tr,CS101,66,2
2015_67190,OKAN,GUL,o.gul@ce1.marmara.edu.tr,CS102,95,2
2015_71887,OKAN,GURCAN,o.gurcan@ce1.marmara.edu.tr,CS101,94,2
2015_97558,OKAN,GURCAN,o.gurcan@ce1.marmara.edu.tr,CS101,97,2
2015_35901,OKAN,ILHAN,o.ilhan@ce1.marmara.edu.tr,CS101,51,1
2015_72033,OKAN,ILHAN,o.ilhan@ce1.marmara.edu.tr,CS101,76,2
2015_35901,OKAN,ILHAN,o.ilhan@ce1.marmara.edu.tr,CS102,86,1
2015_18249,OKAN,KARA,o.kara@ce1.marmara.edu.tr,CS101,67,1
2015_20453,OKAN,KARA,o.kara@ce1.marmara.edu.tr,CS101,67,1
2015_54179,OKAN,KAYA,o.kaya@ce1.marmara.edu.tr,CS102,81,1
2015_49112,OKAN,KOC,o.koc@ce1.marmara.edu.tr,CS101,59,2
2015_23443,OKAN,OZDEMIR,o.ozdemir@ce1.marmara.edu.tr,CS101,51,1
2015_82116,OKAN,OZER,o.ozer@ce1.marmara.edu.tr,CS101,100,1
2015_16817,OKAN,SIMSEK,o.simsek@ce1.marmara.edu.tr,CS101,57,2
2015_73139,OKAN,YILMAZ,o.yilmaz@ce1.marmara.edu.tr,CS101,88,2
2015_44374,OZGUR,AKTAS,o.aktas@ce1.marmara.edu.tr,CS101,52,2
2015_62313,OZGUR,AKTAS,o.aktas@ce1.marmara.edu.tr,CS101,70,2
2015_62313,OZGUR,AKTAS,o.aktas@ce1.marmara.edu.tr,CS102,63,2
2015_60135,OZGUR,ASLAN,o.aslan@ce1.marmara.edu.tr,CS101,93,2
2015_01552,OZGUR,AYDIN,o.aydin@ce1.marmara.edu.tr,CS101,70,2
2015_01552,OZGUR,AYDIN,o.aydin@ce1.marmara.edu.tr,CS102,64,1
2015_86164,OZGUR,AYDIN,o.aydin@ce1.marmara.edu.tr,CS102,69,1
2015_75197,OZGUR,AY,o.ay@ce1.marmara.edu.tr,CS101,69,1
2015_74512,OZGUR,FATIH,o.fatih@ce1.marmara.edu.tr,CS102,58,2
2015_52291,OZGUR,GUL,o.gul@ce1.marmara.edu.tr,CS101,65,1
2015_29063,OZGUR,GUL,o.gul@ce1.marmara.edu.tr,CS101,86,1
2015_05947,OZGUR,KOC,o.koc@ce1.marmara.edu.tr,CS101,98,1
2015_33681,OZGUR,KOC,o.koc@ce1.marmara.edu.tr,CS102,71,1
2015_17542,OZGUR,PEK,o.pek@ce1.marmara.edu.tr,CS101,78,2
2015_88822,OZGUR,YILMAZ,o.yilmaz@ce1.marmara.edu.tr,CS101,68,2
2015_77567,RABIA,AKTAS,r.aktas@ce1.marmara.edu.tr,CS101,91,1
2015_65050,RABIA,ARSLAN,r.arslan@ce1.marmara.edu.tr,CS101,71,2
2015_90384,RABIA,AYDIN,r.aydin@ce1.marmara.edu.tr,CS101,54,1
2015_90384,RABIA,AYDIN,r.aydin@ce1.marmara.edu.tr,CS102,76,1
2015_29938,RABIA,CAN,r.can@ce1.marmara.edu.tr,CS101,100,2
2015_55688,RABIA,CAN,r.can@ce1.marmara.edu.tr,CS101,54,2
2015_53278,RABIA,DILER,r.diler@ce1.marmara.edu.tr,CS101,64,2
2015_44152,RABIA,GURCAN,r.gurcan@ce1.marmara.edu.tr,CS101,80,2
2015_06497,RABIA,ISIK,r.isik@ce1.marmara.edu.tr,CS101,69,2
2015_27661,RABIA,OZDEMIR,r.ozdemir@ce1.marmara.edu.tr,CS101,59,1
2015_77788,RABIA,PEK,r.pek@ce1.marmara.edu.tr,CS101,90,1
2015_65117,SALIH,AKTAS,s.aktas@ce1.marmara.edu.tr,CS101,90,1
2015_37027,SALIH,AYDIN,s.aydin@ce1.marmara.edu.tr,CS102,72,2
2015_22872,SALIH,CELIK,s.celik@ce1.marmara.edu.tr,CS101,63,1
2015_34424,SALIH,ESEN,s.esen@ce1.marmara.edu.tr,CS101,87,2
2015_29424,SALIH,FATIH,s.fatih@ce1.marmara.edu.tr,CS101,69,1
2015_11058,SALIH,GURCAN,s.gurcan@ce1.marmara.edu.tr,CS101,98,1
2015_08562,SALIH,KAYA,s.kaya@ce1.marmara.edu.tr,CS101,56,2
2015_41601,SALIH,KOC,s.koc@ce1.marmara.edu.tr,CS101,79,1
2015_23547,SALIH,OZDEMIR,s.ozdemir@ce1.marmara.edu.tr,CS101,56,2
2015_23547,SALIH,OZDEMIR,s.ozdemir@ce1.marmara.edu.tr,CS102,66,1
2015_66337,SALIH,YILMAZ,s.yilmaz@ce1.marmara.edu.tr,CS101,71,2
2015_34638,SALIH,YILMAZ,s.yilmaz@ce1.marmara.edu.tr,CS102,88,2
2015_65409,SEMRA,DILER,s.diler@ce1.marmara.edu.tr,CS102,96,1
2015_74383,SEMRA,DOGAN,s.dogan@ce1.marmara.edu.tr,CS101,52,2
2015_71650,SEMRA,FATIH,s.fatih@ce1.marmara.edu.tr,CS101,73,2
2015_26143,SEMRA,FATIH,s.fatih@ce1.marmara.edu.tr,CS101,98,2
2015_35770,SEMRA,GUL,s.gul@ce1.marmara.edu.tr,CS101,62,1
2015_18053,SEMRA,GUL,s.gul@ce1.marmara.edu.tr,CS101,91,2
2015_65897,SEMRA,GURCAN,s.gurcan@ce1.marmara.edu.tr,CS101,98,2
2015_65897,SEMRA,GURCAN,s.gurcan@ce1.marmara.edu.tr,CS102,97,2
2015_51979,SEMRA,ILHAN,s.ilhan@ce1.marmara.edu.tr,CS101,71,1
2015_68004,SEMRA,ISIK,s.isik@ce1.marmara.edu.tr,CS101,68,2
2015_41422,SEMRA,KAYA,s.kaya@ce1.marmara.edu.tr,CS101,55,1
2015_58999,SEMRA,KAYA,s.kaya@ce1.marmara.edu.tr,CS101,85,2
2015_11575,SIBEL,AKTAS,s.aktas@ce1.marmara.edu.tr,CS101,58,1
2015_65498,SIBEL,ARSLAN,s.arslan@ce1.marmara.edu.tr,CS101,98,1
2015_13109,SIBEL,FATIH,s.fatih@ce1.marmara.edu.tr,CS101,65,1
2015_80668,SIBEL,HIKMET,s.hikmet@ce1.marmara.edu.tr,CS101,95,1
2015_80668,SIBEL,HIKMET,s.hikmet@ce1.marmara.edu.tr,CS102,81,1
2015_42219,SIBEL,KAYA,s.kaya@ce1.marmara.edu.tr,CS101,72,2
2015_37746,SIBEL,KOC,s.koc@ce1.marmara.edu.tr,CS101,72,2
2015_93173,SIBEL,KURT,s.kurt@ce1.marmara.edu.tr,CS101,74,2
2015_97678,SIBEL,PEK,s.pek@ce1.marmara.edu.tr,CS101,54,2
2015_97678,SIBEL,PEK,s.pek@ce1.marmara.edu.tr,CS102,82,1
2015_98630,SIBEL,SIMSEK,s.simsek@ce1.marmara.edu.tr,CS101,60,2
2015_80233,TUNA,ASLAN,t.aslan@ce1.marmara.edu.tr,CS101,75,2
2015_48289,TUNA,AYDIN,t.aydin@ce1.marmara.edu.tr,CS101,68,1
2015_56131,TUNA,GURCAN,t.gurcan@ce1.marmara.edu.tr,CS101,88,2
2015_35616,TUNA,KAYA,t.kaya@ce1.marmara.edu.tr,CS101,62,1
2015_63498,TUNA,KAYA,t.kaya@ce1.marmara.edu.tr,CS101,74,1
2015_67801,TUNA,KOC,t.koc@ce1.marmara.edu.tr,CS101,82,2
2015_34196,TUNA,KOC,t.koc@ce1.marmara.edu.tr,CS101,90,2
2015_66751,TUNA,KURT,t.kurt@ce1.marmara.edu.tr,CS101,73,1
2015_71632,TUNA,OZDEMIR,t.ozdemir@ce1.marmara.edu.tr,CS101,75,2
2015_44874,TUNA,OZER,t.ozer@ce1.marmara.edu.tr,CS102,98,2
2015_22096,TUNA,SULEYMAN,t.suleyman@ce1.marmara.edu.tr,CS102,63,1
2015_98256,TUNA,YILMAZ,t.yilmaz@ce1.marmara.edu.tr,CS101,52,2
2015_27882,UGUR,ASLAN,u.aslan@ce1.marmara.edu.tr,CS101,62,2
2015_43359,UGUR,DILER,u.diler@ce1.marmara.edu.tr,CS102,81,1
2015_06066,UGUR,ESEN,u.esen@ce1.marmara.edu.tr,CS101,82,1
2015_37291,UGUR,FATIH,u.fatih@ce1.marmara.edu.tr,CS101,71,1
2015_38635,UGUR,GUL,u.gul@ce1.marmara.edu.tr,CS101,53,2
2015_66609,UGUR,HIKMET,u.hikmet@ce1.marmara.edu.tr,CS101,65,2
2015_66609,UGUR,HIKMET,u.hikmet@ce1.marmara.edu.tr,CS102,71,1
2015_86564,UGUR,ISIK,u.isik@ce1.marmara.edu.tr,CS101,76,2
2015_86564,UGUR,ISIK,u.isik@ce1.marmara.edu.tr,CS102,89,1
2015_87400,UGUR,KARA,u.kara@ce1.marmara.edu.tr,CS101,63,2
2015_69406,UGUR,KOC,u.koc@ce1.marmara.edu.tr,CS101,86,1
2015_98180,UGUR,KOC,u.koc@ce1.marmara.edu.tr,CS101,93,1
2015_87252,UGUR,OZDEMIR,u.ozdemir@ce1.marmara.edu.tr,CS101,94,2
2015_87142,UGUR,OZKAN,u.ozkan@ce1.marmara.edu.tr,CS101,53,1
2015_46533,UGUR,YILDIRIM,u.yildirim@ce1.marmara.edu.tr,CS101,68,1
2015_87202,UMUT,AKTAS,u.aktas@ce1.marmara.edu.tr,CS101,60,2
2015_61646,UMUT,ARSLAN,u.arslan@ce1.marmara.edu.tr,CS101,87,2
2015_41242,UMUT,AY,u.ay@ce1.marmara.edu.tr,CS101,54,1
2015_18316,UMUT,DOGAN,u.dogan@ce1.marmara.edu.tr,CS101,57,1
2015_50384,UMUT,FATIH,u.fatih@ce1.marmara.edu.tr,CS101,67,1
2015_77237,UMUT,FATIH,u.fatih@ce1.marmara.edu.tr,CS101,82,2
2015_87942,UMUT,GUL,u.gul@ce1.marmara.edu.tr,CS101,55,1
2015_92547,UMUT,OZDEMIR,u.ozdemir@ce1.marmara.edu.tr,CS101,68,2
2015_92547,UMUT,OZDEMIR,u.ozdemir@ce1.marmara.edu.tr,CS102,58,2
2015_58625,UMUT,OZER,u.ozer@ce1.marmara.edu.tr,CS101,67,1
2015_73381,UMUT,OZKAN,u.ozkan@ce1.marmara.edu.tr,CS101,67,1
2015_73381,UMUT,OZKAN,u.ozkan@ce1.marmara.edu.tr,CS102,86,2
2015_68548,UMUT,SIMSEK,u.simsek@ce1.marmara.edu.tr,CS101,76,2
2015_24706,UMUT,SULEYMAN,u.suleyman@ce1.marmara.edu.tr,CS101,78,2
2015_96669,UMUT,YILDIRIM,u.yildirim@ce1.marmara.edu.tr,CS101,51,2
2015_31307,VELI,AKTAS,v.aktas@ce1.marmara.edu.tr,CS101,71,1
2015_77078,VELI,ARSLAN,v.arslan@ce1.marmara.edu.tr,CS101,95,2
2015_04966,VELI,AYDOGAN,v.aydogan@ce1.marmara.edu.tr,CS101,52,1
2015_57347,VELI,AY,v.ay@ce1.marmara.edu.tr,CS101,75,2
2015_64946,VELI,CAN,v.can@ce1.marmara.edu.tr,CS101,75,2
2015_26818,VELI,DOGAN,v.dogan@ce1.marmara.edu.tr,CS101,72,1
2015_26818,VELI,DOGAN,v.dogan@ce1.marmara.edu.tr,CS102,87,1
2015_50565,VELI,GUL,v.gul@ce1.marmara.edu.tr,CS101,81,1
2015_16705,VELI,GUL,v.gul@ce1.marmara.edu.tr,CS101,91,1
2015_08477,VELI,HIKMET,v.hikmet@ce1.marmara.edu.tr,CS101,92,1
2015_09170,VELI,ILHAN,v.ilhan@ce1.marmara.edu.tr,CS101,66,1
2015_59302,VELI,OZDEMIR,v.ozdemir@ce1.marmara.edu.tr,CS101,100,1
2015_92388,VELI,OZER,v.ozer@ce1.marmara.edu.tr,CS102,63,2
2015_01898,VELI,PEK,v.pek@ce1.marmara.edu.tr,CS101,83,2
2015_66198,VELI,SIMSEK,v.simsek@ce1.marmara.edu.tr,CS101,90,2
2015_22325,VELI,SULEYMAN,v.suleyman@ce1.marmara.edu.tr,CS101,79,1
2015_58917,VELI,YILDIRIM,v.yildirim@ce1.marmara.edu.tr,CS101,55,1
2015_93966,VELI,YILDIRIM,v.yildirim@ce1.marmara.edu.tr,CS101,84,2
2015_58917,VELI,YILDIRIM,v.yildirim@ce1.marmara.edu.tr,CS102,93,1
2015_79219,VELI,YILMAZ,v.yilmaz@ce1.marmara.edu.tr,CS101,54,1
